"height","weight","sex"
171.9,87.2,1
178.2,81,1
188.1,96.4,1
172.3,94.3,1
162.1,66.7,1
170.1,80.3,1
175,84.5,1
179.1,71.5,1
176.1,85.2,1
175.5,88.8,1
180.6,94.9,1
173.8,76.4,1
185.1,92,1
160.6,65.1,1
171.7,78.8,1
178.4,95.9,1
173,72.7,1
177.5,103.5,1
174.9,103.3,1
190.9,100,1
183.9,95.1,1
174.9,81.7,1
167,105.5,1
165,82,1
176.6,77.6,1
166.7,72.9,1
178,81.6,1
182.4,105.8,1
179.8,90.8,1
169.1,81.9,1
173.1,74.4,1
176.2,112.1,1
173.4,66.9,1
172,68.4,1
166.6,68.3,1
192.9,78.5,1
174.7,77.6,1
182.1,90.8,1
165.1,64.2,1
179.2,86.1,1
165.1,73.3,1
172.5,95.6,1
171.6,83.3,1
166.9,64.6,1
171.1,88.1,1
177.4,79.2,1
175.9,84,1
179.5,89,1
174.3,92.6,1
174.4,87.1,1
181.6,99.9,1
179.1,84.5,1
176.9,80,1
178.5,104.3,1
178.9,71.7,1
176.1,75.5,1
185,105.2,1
176.2,62.8,1
173.4,77.5,1
175.8,91.2,1
178.4,104.1,1
179.4,95.4,1
186.2,106.5,1
169.9,71.7,1
192.9,115.4,1
184.1,89.9,1
173.9,87.4,1
185.3,78.3,1
182.3,100.4,1
180.7,61.6,1
175.4,81.5,1
176.7,88.4,1
185.3,103,1
179.1,122.5,1
162.1,67.1,1
183.9,87.8,1
184.4,90.1,1
167.1,64.2,1
188.4,95.3,1
182.6,87,1
175.4,73.7,1
176.2,74.8,1
184.1,92.4,1
179.6,83.9,1
162.6,68.6,1
175.8,79.1,1
159.8,71.7,1
181,80.9,1
170.5,63.6,1
179.5,78.9,1
171.8,87.7,1
183.3,83.1,1
178.2,84.9,1
173.1,78,1
181.3,93.8,1
181.8,99.1,1
163.9,52.3,1
178.9,95.6,1
172.4,66.3,1
187,89.9,1
172.5,89.5,1
168.8,94.5,1
179.8,91.9,1
174.7,89.7,1
179.9,84.2,1
167.1,80.6,1
187.3,94.7,1
174,96.5,1
172.9,76.5,1
177.5,75.6,1
190.5,106.2,1
188.2,96.1,1
168.4,62.4,1
183.8,82.6,1
170.5,67.5,1
173.6,81.4,1
170.2,74.1,1
166.1,81.6,1
181.7,95.3,1
168.4,75.3,1
176.1,80.1,1
179.9,91.6,1
166,76.5,1
180.1,82.6,1
174.9,78.5,1
178.9,83,1
168.7,88,1
173.1,69.7,1
172.4,90.2,1
171.1,70.9,1
163.2,66.8,1
165.3,78.3,1
170.8,84.9,1
185.4,61.6,1
179.2,90.7,1
174,65.1,1
173.6,85.7,1
174.4,74,1
168.2,78.8,1
186.7,99.2,1
188.8,104.9,1
184.4,85.6,1
180,74.4,1
165,75.4,1
181.2,67.6,1
171.1,83.7,1
177.6,63.3,1
181.6,84,1
182.4,103.4,1
174.1,64.8,1
178.2,69.4,1
187.1,96,1
176.3,92.4,1
181.3,80.2,1
162.4,61.1,1
178.3,81.7,1
159.6,58.2,1
170.9,91,1
168,78.2,1
183.7,80,1
164.8,66.3,1
179.1,92.7,1
187.7,83.3,1
177.7,65.7,1
181.3,92.8,1
179.6,96.7,1
175.1,89.1,1
171.6,84.8,1
175.5,81.6,1
175,94.2,1
169.7,71.5,1
175.9,70.9,1
178.2,87.1,1
161.7,46.3,1
178.5,88.4,1
172.2,83.5,1
163.3,76.4,1
164.3,77.2,1
179.7,93.1,1
170.3,84.8,1
173.1,85.6,1
175.5,93,1
172.1,74.1,1
194,81.6,1
178.8,91.4,1
174.5,70.1,1
183.9,82.1,1
173.8,78.8,1
174.4,83.6,1
184.1,97,1
180.6,109.1,1
175.3,78.9,1
171.6,80.2,1
162.8,72.1,1
168.7,91.9,1
172.7,64.3,1
168.6,50.4,1
164.7,77.6,1
177.3,79.5,1
166.9,83.3,1
177.8,78.4,1
174.1,73.6,1
180.9,101.3,1
166.7,71.9,1
173.7,81.7,1
178.9,78.7,1
177.2,67.6,1
173.5,61.3,1
172.8,94.7,1
173.6,84.3,1
160,75.3,1
170.2,84.2,1
169.7,84.5,1
179.7,86.4,1
165.6,75.2,1
178.4,103.8,1
179.7,81.1,1
174.1,78.6,1
174.7,93.2,1
171.4,69.1,1
168.2,71.3,1
179,68.3,1
182.4,99.9,1
168.6,69.9,1
183.1,109.5,1
177.6,85,1
173.6,77.9,1
184,95.2,1
161,70.5,1
180.1,97,1
176.4,89.1,1
172.8,80.8,1
177.6,69.6,1
182.2,65.9,1
187.9,100.4,1
188.3,103.2,1
166.6,86.8,1
177.9,80,1
180.1,104.6,1
179.1,86,1
178.2,76.8,1
171.1,72.3,1
170.3,76,1
168.7,77.5,1
187.8,97.6,1
177.2,75.4,1
175.7,70.8,1
178.3,76.1,1
184.2,92.5,1
170.7,75.1,1
172.9,85.5,1
161.1,75.2,1
183.1,110,1
180.8,75,1
189.4,94.5,1
168.4,77.8,1
168.5,63.8,1
178.8,79.8,1
170.2,88.8,1
181.2,83.8,1
172.4,85.9,1
181.9,74.2,1
185.4,93.4,1
179,94.3,1
168.5,71.9,1
182.4,101.6,1
177.1,96.5,1
177.7,66.8,1
180.5,83.6,1
167.7,67.1,1
179.8,66.9,1
181.9,104.6,1
183.4,96.9,1
177.1,88.4,1
172.8,79.7,1
168.3,66.2,1
169.5,99,1
179.2,90.5,1
173,74.1,1
167.7,84.9,1
179.2,76.2,1
178.4,87.5,1
164.6,58.2,1
177.1,76.7,1
178.7,76.7,1
181.1,101.5,1
178.1,81,1
186.8,77.3,1
172.1,85,1
177.3,65.1,1
171.5,69.8,1
183.4,106.2,1
172.1,85.4,1
169.5,73.9,1
185.7,84.7,1
167.7,76.8,1
175.6,66.8,1
181.9,90,1
190.3,101.4,1
179.3,73.3,1
170.1,80.6,1
179.8,85.6,1
181.9,75.1,1
177,73.4,1
171,74.6,1
185.8,111.9,1
157.7,67.2,1
176.2,80.2,1
180.5,101.5,1
167.7,73.6,1
178.4,84,1
176.7,76.3,1
168.9,82.5,1
185.3,57.7,1
177.9,72.1,1
170.5,69.2,1
177.4,71.4,1
179.7,96,1
171.9,87.4,1
166.5,99.1,1
186.8,80,1
174.1,75.8,1
173.4,68.9,1
168.9,86.8,1
187.4,71.8,1
169.4,73,1
179.1,90.6,1
197,105.9,1
172.1,86.5,1
184.1,84.3,1
184.2,78.6,1
179.4,95.2,1
182.1,91.8,1
170.9,77.2,1
171.9,72.5,1
170.1,88.2,1
183.6,100.9,1
173.7,83,1
174.6,93.8,1
187.1,99.2,1
185,100.9,1
175.1,73.5,1
178.9,85.5,1
192.5,77.1,1
180.3,81,1
174.3,78.6,1
189.7,102,1
177.1,93.3,1
176.6,63.2,1
180.7,70.7,1
178.5,87.8,1
186.2,103.8,1
175.5,90,1
185.4,100.1,1
182.6,85.4,1
181,89.1,1
179,84.2,1
174.4,81.7,1
170.2,70.2,1
161.4,65.5,1
178.4,86,1
176,85.9,1
191,85.1,1
165.9,54.7,1
184,78.6,1
185.2,92,1
181.8,99.4,1
174.3,107.4,1
179.9,75.6,1
173,52.7,1
163.4,75.3,1
171.6,79.5,1
176.8,75.3,1
157.5,62.4,1
180.8,69.2,1
166.2,91.7,1
180.5,105.9,1
173.2,73.4,1
178.5,79.8,1
172.7,79.8,1
178.3,85.2,1
165.6,86.3,1
178.8,90.5,1
168.1,52.8,1
166.3,85.1,1
173.8,92.9,1
168.3,88.1,1
174.1,79.8,1
166.9,80,1
174.9,79.1,1
174.2,82.8,1
172.5,69.1,1
182.8,78,1
185.9,105,1
180.3,78.1,1
177.8,85.2,1
161.8,56.7,1
169.9,54.5,1
167.3,64.6,1
166.3,66.8,1
175.9,83.5,1
172.8,92.8,1
185.8,67.2,1
189.9,89.9,1
174.3,78,1
183.6,98.7,1
186.7,97.4,1
180.5,87.4,1
169.8,78.8,1
177.1,87.1,1
177.4,92.6,1
170.5,62.4,1
174.7,101.9,1
182.2,85.6,1
169,62.7,1
176.9,105.7,1
178.4,92.5,1
192.9,98.5,1
172.6,97.4,1
167.1,60.5,1
167,91.7,1
183.8,90.6,1
176.7,58.5,1
176.2,75,1
180,84.9,1
177.1,79.6,1
169.9,76.2,1
180,105.2,1
178.4,74.2,1
173.2,75.8,1
186,93.5,1
185.8,101.8,1
159.7,63.5,1
181.7,94.1,1
177.9,81.6,1
171.8,88,1
159.7,64.1,1
173,76.8,1
170.4,70.9,1
163.6,68.4,1
170.8,75.1,1
179.9,83.5,1
187.2,91,1
176.4,58.7,1
167.9,69.7,1
181.9,73.9,1
171.5,98.6,1
170.2,70.5,1
175.5,90.3,1
184.8,94.7,1
172.1,83.7,1
167.5,68.7,1
173.1,82.7,1
182.9,71.3,1
185,80.7,1
175.8,82.4,1
168.7,78.6,1
176.8,67.9,1
160.6,80.9,1
189.3,99.6,1
178,77.9,1
177.9,88.6,1
175.1,101.3,1
180,65.3,1
172.8,86.3,1
171.6,77.8,1
176.5,95.5,1
169.9,70.5,1
164.1,79.6,1
175.4,42.5,1
175.8,80,1
179.4,89.6,1
178.7,81.9,1
170.5,72.9,1
174.9,104.4,1
172.7,87.5,1
165.4,65,1
182,98.1,1
175.2,99.4,1
185.4,108,1
179.2,77.5,1
172.6,76.3,1
174.4,79.7,1
167.2,68.4,1
182.5,104.2,1
180.1,83.2,1
164.4,70.9,1
165.7,64.6,1
177.4,91.2,1
182.1,92.2,1
184,83.5,1
170.8,80.1,1
182.4,78.3,1
171.5,82.9,1
180.9,88.5,1
190,102.6,1
190,99.7,1
191.1,93.6,1
169.6,71.2,1
180.6,74.1,1
173.8,74.9,1
171.2,66.4,1
177.5,65.3,1
172,64.1,1
173.7,79.7,1
174.7,80.3,1
163.1,58.8,1
189.8,107.7,1
179,84.2,1
177.2,84.5,1
181.8,73.4,1
183.2,87.5,1
184.5,95.7,1
175.6,98,1
183.6,82.4,1
173.5,84.8,1
180.9,86.9,1
173.1,84.8,1
176.6,82.8,1
165.5,80.2,1
180.8,88.7,1
183.3,83.6,1
179.3,86.1,1
175.2,84.2,1
174.8,89.5,1
172.4,78.9,1
170.3,80.3,1
182.9,93.9,1
170.3,76.1,1
174.9,86.6,1
165.4,79.7,1
186.8,83.4,1
164.1,67.1,1
179.9,81.4,1
173.7,88.4,1
176.6,83.3,1
178.9,83.3,1
187.8,101.6,1
174.3,77,1
187.4,97.3,1
175.1,83.9,1
174.5,67.2,1
185.1,80.9,1
177.2,70.3,1
171.3,60,1
169.8,70.6,1
175,78.3,1
173.9,78.9,1
162.9,78.9,1
159,61,1
180.6,89.5,1
165.3,63.6,1
172.5,60.3,1
182.9,74,1
177.2,72.9,1
173.4,75.8,1
176.9,84.2,1
173.5,70.3,1
181.5,103.1,1
186.9,88.5,1
184.7,102,1
177.1,78.1,1
180.7,71.5,1
180.5,97.7,1
174.4,93.6,1
179.9,77.1,1
171.1,82.9,1
178.9,95,1
165.4,75.7,1
176.4,74.2,1
183,76.4,1
172.5,78.5,1
182.9,103.6,1
176.5,101.4,1
176.2,84.4,1
181.7,83.8,1
176.6,85.5,1
183,92.1,1
164.6,64.3,1
165.9,69.3,1
183.8,88.5,1
175.8,76.3,1
159.5,82.1,1
172.6,77.4,1
180.8,88,1
167.4,68.5,1
174.7,83.4,1
180.6,85.7,1
182.8,105.2,1
194,79.9,1
162.6,76.4,1
174.6,81.5,1
176.4,77.5,1
178.8,106.8,1
170.2,73.7,1
175.1,87.1,1
176,77.3,1
160.8,76.5,1
177.8,103.1,1
166.5,83.8,1
171,73.2,1
176.6,99.5,1
186.7,79.9,1
182.1,105.3,1
161,61.3,1
177.8,83.3,1
170.6,63.4,1
178.3,72.6,1
174.4,72.4,1
164.2,68.6,1
172.8,116.8,1
182.8,103.8,1
170.4,76.8,1
178.1,89.4,1
178.8,81.1,1
176.3,59.1,1
165.2,99.3,1
179.6,91.5,1
178.3,88.5,1
179.9,106.6,1
178.1,75.2,1
174.9,91.9,1
193.5,85.7,1
175.6,77.6,1
172,86.9,1
191.1,113.5,1
182.9,86.1,1
179,90,1
187.6,98.3,1
174.8,83.7,1
171.8,74.7,1
174.8,81.4,1
161.3,73.2,1
171.1,84.7,1
180.4,85.4,1
179.8,83.9,1
175.7,93.1,1
166,81.4,1
182.4,75.8,1
179.9,81.6,1
164.4,71.7,1
173,84.4,1
182.3,71.4,1
185.2,104.8,1
184.7,86.2,1
178.4,76.7,1
177,82,1
171,82.1,1
164.5,63.2,1
173.2,80.9,1
168.2,64.4,1
172.1,72.3,1
189.2,95.2,1
182,98.9,1
173.1,86.5,1
171.5,74.3,1
179,77.2,1
183,97.4,1
184.1,91.8,1
164.8,76.5,1
166,59.9,1
173.3,90.1,1
164.5,69.2,1
175.8,79.4,1
179.1,87,1
173.1,85,1
188.5,105,1
173.5,75.9,1
167.8,72.7,1
172.8,71.6,1
174.9,84.3,1
179.7,87.5,1
168.7,71.1,1
171,82.9,1
183.7,72.6,1
184.9,110.1,1
168.6,73.1,1
182.3,87.9,1
191.3,87.4,1
174.5,87,1
176.1,100.9,1
174.5,107.8,1
179.1,88.7,1
169,70.9,1
173,83.2,1
172.9,61.2,1
174.5,91.8,1
175.5,82.9,1
186.8,91.5,1
170.8,66.6,1
169.7,75.5,1
174,90.2,1
180.5,63.2,1
180.5,70.7,1
174.4,65.5,1
166.7,77.2,1
179.7,90.5,1
158.1,72,1
175.6,63.8,1
169.2,92.3,1
188.5,105.2,1
168.5,67.7,1
169.9,79.6,1
175.7,84.4,1
167.6,73,1
182.5,96.9,1
177.7,90.3,1
181.3,64.2,1
165.4,71.5,1
185.1,96.6,1
177.5,76,1
192.5,95.4,1
172.9,78.6,1
176,72.4,1
181.3,72.7,1
186.2,86.9,1
186.3,93.2,1
178.8,78.6,1
182.7,98.7,1
185.7,78,1
176.9,93.4,1
171,99,1
183.9,96.6,1
170.6,80.2,1
180.1,83.5,1
182.6,82.7,1
179.8,101.1,1
162.7,81.7,1
181.7,74.1,1
168.9,87.3,1
174,82.8,1
186.4,115,1
169.4,77.3,1
168.8,51.4,1
178.8,63.9,1
177.4,81.3,1
185.1,95.5,1
178.2,93,1
171.5,79.4,1
179.2,81.1,1
178.6,100.9,1
173.9,74.2,1
173.3,84.9,1
177,84.8,1
168.7,57.6,1
174.4,70.5,1
184.1,74.7,1
171.9,83.2,1
168.9,59.5,1
179,90,1
175.8,86.3,1
164.4,68.9,1
180.1,84.9,1
176.9,89.9,1
174.7,84.3,1
175.3,64.3,1
183.3,95.8,1
185.8,106.8,1
186.6,103.1,1
167.3,76.4,1
164.6,89.3,1
169.5,64.7,1
178.1,74,1
185.4,77.8,1
173.2,85.2,1
175.9,78.5,1
173.6,57.7,1
178.5,67.8,1
179.3,90.6,1
179.4,89.5,1
173.5,73.5,1
175.1,74.3,1
187.2,106.5,1
178.5,85.2,1
170,81.3,1
193,111.4,1
192.4,92.4,1
164.2,65.5,1
183.8,95.7,1
173.7,78.5,1
194.8,117.9,1
175.8,94.9,1
169.2,80.2,1
190.4,88.6,1
170.9,83.9,1
181.7,95.9,1
175.9,70.5,1
179.3,84.5,1
178.5,85.9,1
171.8,88.5,1
185.2,87.8,1
175.4,65.5,1
182.4,70.7,1
185.4,89.1,1
187.1,113.6,1
172.2,89.1,1
176.9,64.3,1
167.9,65.5,1
167.9,63.2,1
179.2,65.4,1
188.6,115,1
179.9,77.8,1
177.6,62.4,1
178.1,68.3,1
176.2,83.3,1
177.7,103.4,1
174.2,64,1
164.4,60.7,1
188,77.3,1
163.5,68.5,1
173.6,99.2,1
179.9,96.6,1
174.5,105.2,1
177.6,71.3,1
176.6,69.2,1
173.9,107.6,1
172.6,93.3,1
196.1,106.8,1
168.1,80.6,1
168,68.6,1
170.5,97.8,1
168.5,69.7,1
174.8,80.6,1
173.1,67.4,1
172,73.7,1
174.6,77.3,1
174.3,72,1
179.5,62.6,1
190.9,108.1,1
180.2,90.3,1
168.7,78.7,1
184.7,91.2,1
178.1,74.5,1
169.9,76.2,1
184.1,96.8,1
171.2,94.9,1
188.9,85.9,1
168.2,74,1
176.5,80.9,1
174.7,75.5,1
179.8,92.5,1
183.1,91,1
159.1,71.1,1
179.3,66.2,1
177.2,69.4,1
175.3,90.1,1
172.4,71.6,1
169.7,71.5,1
186.3,104.8,1
192.5,93.6,1
178.6,86.1,1
181.9,85.7,1
173.8,87.9,1
178,83,1
163.7,72.5,1
163,63.9,1
175.5,88.2,1
183.1,84.3,1
177,84.6,1
171.9,79.9,1
177.7,70.2,1
169.4,62.8,1
181.2,80.2,1
166.9,74.5,1
170.1,72.5,1
175.1,78.2,1
181.3,79.7,1
185.4,92.2,1
166.8,81.4,1
188.7,101.1,1
165.3,63.6,1
175.3,83.4,1
176.8,86.2,1
179,92.4,1
188.7,116.8,1
174,77.2,1
178.3,87.2,1
190.4,85.1,1
172.8,76.2,1
184.5,83.5,1
183,94.8,1
182.5,79.9,1
178.9,100.7,1
188.2,82.3,1
173.6,101,1
178.7,95.7,1
172.4,89.5,1
179.3,90.7,1
184.7,82.9,1
170.9,89.6,1
176.8,75.2,1
183.8,80,1
173.4,82,1
182.6,82.9,1
180.2,86.1,1
175.6,70,1
169.7,75.1,1
178.4,72.3,1
176.1,93.7,1
179.1,83.5,1
167.4,75.3,1
173.1,82.6,1
181.1,90.8,1
183,68.3,1
172.3,75.7,1
181.1,69.7,1
174.3,87,1
159.5,46,1
171.9,86.4,1
177.8,63.2,1
179.3,71.7,1
162,72.2,1
175.1,99.2,1
177.8,91.2,1
174.2,68.8,1
185.1,107.2,1
194.4,103.6,1
171.1,83.6,1
175.8,96.6,1
174.3,55.2,1
171.7,75.6,1
190.2,89.8,1
179.2,93.6,1
174.2,87.5,1
177.4,87.8,1
171.8,60.9,1
166.5,74.3,1
175.9,88.4,1
163.4,60.5,1
179.1,85.4,1
177.4,78.8,1
171.4,81.9,1
172.2,70,1
181.5,92.7,1
165.3,79.2,1
182.2,84.4,1
167.2,61.5,1
175.6,80.5,1
176.4,81,1
172.3,74.7,1
174.1,96.4,1
173.3,80.4,1
174,71.9,1
170,83.9,1
176.3,85.4,1
178.9,68.5,1
156.3,72.2,1
176.2,72.1,1
180.5,74.8,1
188.3,80.2,1
168,57.8,1
172.8,100.3,1
185.9,86.7,1
176.4,79.2,1
165.5,65.3,1
180.7,68.6,1
187.7,88,1
179.2,99.3,1
185.8,82.7,1
173.7,75.2,1
173.6,72,1
168.5,80.3,1
179,79.5,1
182.1,80.1,1
162.1,71.5,1
169.2,70.5,1
167.8,77.7,1
185.6,122.1,1
177.2,77.3,1
191.5,81.5,1
179.6,86.8,1
190.7,80.1,1
168.4,74.3,1
177.7,78.5,1
167.1,84.5,1
181.9,100.6,1
179.6,72.3,1
174.7,85.7,1
181.4,86.8,1
161.5,74.7,1
178.7,85.9,1
171.8,77.3,1
160.1,57.3,1
180.2,88.6,1
177.4,90.8,1
182.2,66.8,1
165.2,89.9,1
168.4,54.4,1
180.4,80.4,1
156.7,63.8,1
187.2,94,1
182.3,82,1
181.7,95.7,1
168.8,76.5,1
160.9,53.7,1
172.5,93.7,1
174.1,82.8,1
171,82.7,1
173.2,82.4,1
167.6,82.3,1
185.8,94.9,1
180.3,61.3,1
170.9,76,1
172.6,76.5,1
179.5,79.9,1
181.1,70.5,1
172.7,90.8,1
187.2,105.1,1
178.7,73.2,1
174.9,84.7,1
173.1,67,1
169,69.3,1
166.9,66.2,1
175,82.4,1
175.3,81.4,1
179.5,93.2,1
175,85.3,1
179.3,83.2,1
161.3,70,1
183.3,92.5,1
177.7,84.5,1
166.8,87,1
177.3,74.2,1
176.6,79.5,1
185.6,105.9,1
168.9,80.7,1
175.8,91.3,1
183.1,116.4,1
187.5,94,1
174.3,73.8,1
161.5,67.6,1
169.4,71.1,1
185.5,81.4,1
183.1,79.2,1
177.3,86.4,1
168.9,53.6,1
171.1,79.1,1
174,86.1,1
184.8,86.3,1
187.8,78,1
198.7,80.2,1
176.3,90.2,1
176.9,90.4,1
161.6,56.1,1
174.7,88.7,1
177.6,86.3,1
175,94.9,1
178.2,86,1
174.8,73.5,1
172.3,80.1,1
178,81.2,1
185.8,91.1,1
174.3,81.1,1
181.3,113.4,1
175.6,77.9,1
168.8,89.9,1
177.4,98.2,1
162.6,53.1,1
177.6,73,1
180.5,79.1,1
182.6,100.6,1
183,80.2,1
178.2,88.1,1
170.2,60,1
185.2,72.8,1
177.7,91.1,1
178.1,83.1,1
184.5,99.7,1
176.4,91,1
179.6,81.2,1
183.6,102.4,1
173.2,72.1,1
179.9,102.2,1
185.7,76.9,1
185.9,105.2,1
179.7,105.5,1
169.5,64.4,1
172.7,71.2,1
177.2,90.8,1
179.7,95.2,1
178,70.6,1
178.2,76.9,1
186.3,73.6,1
164.3,52.2,1
171,59,1
171.7,94.1,1
184.4,86.4,1
180.5,87.4,1
178.2,86.3,1
177,69.3,1
167.5,73.3,1
179.4,84.3,1
179,78.3,1
186.7,54.4,1
182,83.2,1
179.5,70.4,1
187.1,94.4,1
173.1,79.1,1
174.6,82.4,1
179.2,103.4,1
190.9,101.3,1
169.4,84.8,1
169.8,78.2,1
175.8,89,1
185.9,95.7,1
174.4,73.4,1
186.9,91.1,1
170,72.3,1
171.9,88.9,1
181.2,103.3,1
182.9,88.3,1
163,70.8,1
174.8,67.6,1
168,82.3,1
180,85.3,1
185.8,77.2,1
182.7,95.9,1
165.5,71.6,1
174.3,107.3,1
184.9,90.7,1
176.9,87.1,1
187.3,86.9,1
175.1,90.8,1
178.9,83.8,1
183.9,82.1,1
174.2,75.6,1
172.7,78.8,1
173.4,77.2,1
161.4,79.3,1
179.8,96.3,1
171.8,86.6,1
175.2,71.7,1
180.8,90.2,1
178.5,80.8,1
171.6,86.1,1
175.4,74.9,1
172.6,84.2,1
180.8,90.9,1
178.5,103.1,1
180.9,88.6,1
170.2,80.7,1
183.5,99.7,1
167.7,72.3,1
178.6,86.5,1
172,89.1,1
184.2,95.4,1
176.6,83.3,1
171.9,82.8,1
180.8,95.3,1
176.1,69.9,1
183.2,101.8,1
170.3,79.3,1
179,87.8,1
171,85.9,1
181.9,87.5,1
172.8,75.5,1
168.8,68.4,1
176,75.2,1
173.1,89.8,1
170.9,81,1
171.6,47.9,1
176.4,80.8,1
165.8,63.2,1
163.2,65.7,1
181.6,105.5,1
168.4,66,1
170.7,80.7,1
165.4,66.4,1
172.8,76.1,1
175.9,67.7,1
177.9,81.5,1
175.3,69.1,1
170.9,89.1,1
180,85.4,1
168.7,87.1,1
179.6,80,1
169.5,63.4,1
181.9,92.7,1
186.7,85.1,1
185.7,88.5,1
170.6,98.8,1
161.7,61.9,1
186.1,100.6,1
192.6,105.3,1
174,94.5,1
172.3,80.2,1
175.4,84.3,1
186.9,97.7,1
173,65.5,1
178.2,100,1
188.4,97.7,1
175.6,94.2,1
167.9,72.7,1
186.6,95.9,1
169.8,78.6,1
166.3,62.5,1
180.7,96.1,1
177.1,77.4,1
178.8,76.7,1
180.6,99.1,1
177.6,91.9,1
178.6,76.9,1
182.5,76.7,1
170.3,71.4,1
164.5,61.9,1
158.7,70.9,1
179.5,88.3,1
178.6,91.8,1
188.2,83.4,1
184.4,74.3,1
172.6,84.4,1
177.4,101,1
168.5,82.4,1
189.8,108.7,1
166.4,87.2,1
172.8,78.1,1
173.5,81.3,1
178.8,97.2,1
181.1,98.3,1
182.1,98.7,1
165.5,71.8,1
178.9,63.9,1
162.8,73.4,1
183.4,82.8,1
179.7,99.4,1
183.9,106.8,1
172.8,91.6,1
166.3,92.3,1
178.1,86.5,1
181,105,1
177.7,85.4,1
174.7,80.9,1
171,64.6,1
183.9,101.1,1
180.6,89.1,1
162.3,59.8,1
177.1,92.6,1
171.2,81.2,1
179.8,66.8,1
183.6,92.5,1
173.2,84.8,1
185.6,78.6,1
182,69.6,1
184.1,121,1
173.9,82.9,1
179.9,82.7,1
174.5,74.5,1
186.9,77.3,1
173.3,74.4,1
168,74.2,1
182.2,84.2,1
174.8,81.3,1
168.6,89.8,1
161.5,58.8,1
175.7,82.6,1
186.2,88.4,1
176.7,81.2,1
180.6,69.4,1
171.4,81.1,1
179.7,65.4,1
175.8,57.5,1
160.6,76.1,1
167.9,78.1,1
172.6,81.6,1
176.3,83.6,1
170.6,65,1
188.9,67.6,1
167.8,94.6,1
173,86.8,1
180.2,72,1
182.3,81.5,1
185.5,91,1
176.3,80.9,1
184,76.3,1
173.7,87.2,1
157.8,72.2,1
177.8,80,1
169.3,81.4,1
174.5,80.7,1
178.1,68.2,1
167.2,56.2,1
174.8,92.6,1
173.8,89.8,1
190.4,108.1,1
175.7,77.5,1
177.9,95.7,1
176.9,84.2,1
175.4,72.9,1
190,79.2,1
168.3,74.3,1
173.1,90.8,1
172,92.3,1
165.2,77.1,1
161.1,60.4,1
183.5,82.1,1
172.2,72.3,1
177.3,77.7,1
181.4,88.8,1
185.8,94,1
186.5,92.8,1
188.5,82.1,1
181.1,102.2,1
176.5,70.7,1
176.4,84.7,1
177.2,78.9,1
159.3,58.5,1
179.3,82.5,1
176.1,101.9,1
183.5,81.9,1
175.8,79.2,1
170.9,74,1
174.9,76.1,1
167.3,72.5,1
172.9,85.1,1
185.1,104.2,1
172.9,77.8,1
165,74,1
168.9,70.1,1
172.8,54.4,1
193.8,93.2,1
170.7,76.9,1
186.3,96.6,1
185.5,89.5,1
170.1,79.9,1
191.3,78.9,1
178.3,87.5,1
183.3,79.4,1
182.8,95.6,1
182.7,81.6,1
176.9,77.6,1
174.7,87.1,1
178.4,79,1
173.7,84.2,1
184.3,80.9,1
181.7,100.2,1
173.2,79.3,1
174.2,87.9,1
175.7,74.5,1
160.5,73.2,1
181.5,67.5,1
184.7,80.4,1
174.3,87,1
170.6,79.2,1
170.4,81.3,1
156.4,67.3,1
184.4,80.7,1
169.9,71.4,1
190.9,115,1
174,64.9,1
174.3,86.2,1
185.4,94.1,1
178.5,75.5,1
175.2,78.3,1
174.8,79.5,1
166.4,73.8,1
180.8,80.2,1
177.2,70.9,1
175.1,76.9,1
184.9,93.5,1
180.1,94.7,1
173.8,95.5,1
169.9,73.2,1
181.4,89.1,1
184,74.2,1
166.3,81.5,1
190.1,112.2,1
180.2,89.5,1
167.6,79.3,1
178,73.6,1
178.2,87.2,1
183.7,89.3,1
183.9,88.9,1
169.1,78.2,1
176,85.5,1
168.3,83.9,1
180.8,87.8,1
174.3,72.2,1
174.8,63.6,1
183.4,78.1,1
180.4,69.3,1
176.2,73.3,1
168.6,81.5,1
162.3,70.2,1
180,77,1
177.9,97.3,1
187.4,99,1
185.3,102.2,1
178.4,79.3,1
179.2,90.6,1
181.9,91.7,1
171.2,75.3,1
170.5,78,1
182.1,108.4,1
179.5,72.6,1
180.9,75.5,1
175.2,98.9,1
172.5,87.9,1
183.7,98.9,1
179,76.7,1
167.2,80.6,1
171.6,91.7,1
187.7,122.7,1
180.9,84.3,1
185.3,91.2,1
173.3,76.6,1
179.5,76.6,1
168.7,75.1,1
183.4,74.1,1
173.1,76.6,1
173.9,102.5,1
164.8,84.3,1
175.2,69.7,1
171.5,67,1
180.1,92.2,1
167,55.4,1
174.3,89.4,1
176.5,85.6,1
182,90.5,1
176.5,78.7,1
187.7,88.7,1
183.9,100.1,1
179.6,83.9,1
180.2,87,1
185,98.2,1
167,82.7,1
163.6,82.8,1
183.8,96.9,1
160.6,74.3,1
179.2,90.4,1
176.2,74.4,1
161.5,76,1
187.6,79.7,1
170.7,77.6,1
185.1,91.3,1
167.8,70.8,1
177,70.5,1
174.7,70.5,1
171.2,74.9,1
166.7,70.9,1
179.5,99.7,1
177.9,75.9,1
165,74.4,1
164.6,68.6,1
162.3,71.8,1
165.1,78.5,1
184.9,88.3,1
175.5,66.3,1
184.3,88.3,1
173.7,82.7,1
174.3,88.7,1
180.3,87.3,1
185.4,89.6,1
180.1,88.3,1
174.7,71.4,1
175,87.9,1
168.6,70.8,1
167,63.7,1
173.8,76.8,1
175.1,76.1,1
173.1,87.6,1
172.9,66,1
170.4,56.6,1
169,72,1
179.5,94.3,1
189.1,77.6,1
168.2,64.2,1
176.1,78.7,1
170.3,86.5,1
173.8,76.3,1
190.1,109.8,1
165.8,71.1,1
176.7,74.8,1
183.8,85.3,1
184.2,86.1,1
169.8,78.5,1
184.9,98.2,1
174.1,94.2,1
174.3,88.9,1
170.4,77.7,1
162.9,58.4,1
175.8,73.5,1
183,89.9,1
179.1,98.5,1
174.6,65.4,1
180.4,83.9,1
186.1,77,1
178.2,82.6,1
183.3,99.8,1
175,80.1,1
182.4,90.1,1
185.4,87.9,1
176.4,96.3,1
167.9,78.8,1
192.2,102.2,1
178,88.9,1
179.9,82.5,1
170,76.1,1
184.3,91.4,1
170.3,78,1
177,79.9,1
177.8,87.6,1
175.1,88.2,1
162.4,73.4,1
176.8,82.3,1
167.9,76.4,1
173.2,84.8,1
174.7,78.3,1
190.1,88.5,1
185.4,93.9,1
174.1,74.4,1
173.8,51.7,1
174.5,64.9,1
171,66,1
179.1,72.9,1
181.2,88.7,1
175,75,1
171.9,98.5,1
177.5,92.2,1
175.2,78.3,1
176.5,81.2,1
181.5,73.5,1
172.4,78.4,1
173.8,65.2,1
173.1,79.4,1
170.7,77.4,1
189.8,103.9,1
176,99.6,1
166.9,81.7,1
177.1,70.4,1
173.5,76.9,1
171.9,97.2,1
172.6,74.6,1
180,89.9,1
181.2,92.8,1
173.2,63,1
184.2,111.8,1
173.7,84,1
164,74.5,1
187.9,99,1
177.5,69.8,1
180.3,95.3,1
176.5,94.9,1
176.2,69.3,1
173.1,70.6,1
174.5,83.3,1
165.3,73.2,1
174.1,73.8,1
179.1,79.9,1
177.1,72.4,1
179.1,66.9,1
179.3,83.1,1
170.9,72.1,1
195.3,111.1,1
182.9,79.1,1
174.3,77.4,1
172.2,79.7,1
181.4,84.6,1
177.3,94.2,1
178.9,97.8,1
175.3,85.5,1
170.7,76.8,1
186.1,79.7,1
171.2,74.8,1
176.9,113.5,1
166.6,54.3,1
180.7,77.7,1
181.7,78.5,1
176.1,79.5,1
168.4,63.5,1
165.5,77.9,1
173.2,81.4,1
166.4,86.3,1
166.4,74.2,1
161.9,81.7,1
179.9,64.7,1
173,75.6,1
184.5,83.7,1
164.1,70.9,1
183.8,106.7,1
159.6,64.2,1
178.3,86.9,1
177.7,85.7,1
181.4,93.3,1
169.5,89.8,1
167.9,76.6,1
165.1,74.2,1
178.8,86,1
180.3,82.1,1
176.8,74.6,1
178,60.7,1
179.7,99.1,1
174.1,85.4,1
177.7,86.4,1
175.3,81.7,1
179,79.1,1
174.6,80.5,1
172.9,76.7,1
176.1,80.7,1
169.6,79,1
187.8,96.2,1
168.9,79.4,1
177.3,77.6,1
176.5,67.3,1
176.2,77.3,1
172.3,85.1,1
184.4,83.1,1
178.8,80.2,1
182.8,72.9,1
176.1,77,1
175.7,87.1,1
179.4,93.5,1
172.6,84,1
174.4,89.5,1
171.2,66.8,1
172.6,58.3,1
172.9,78.6,1
179.3,73.7,1
178.5,79.1,1
174.8,78,1
169.9,73.3,1
178.5,97.9,1
188.8,90.2,1
180.5,107.1,1
178.5,59.8,1
173.5,103.3,1
173.5,90.2,1
166,72.5,1
179.2,110.9,1
183.5,71.3,1
178.1,88.7,1
178.2,86.9,1
179.4,89.2,1
178.6,77.7,1
173.1,68.7,1
179.2,88.1,1
172.1,88,1
176.1,74.1,1
180.5,76.1,1
185.2,95.1,1
170,76.3,1
191.2,116.1,1
185.4,89.7,1
169.4,70,1
184.4,115,1
170.4,67.2,1
173.3,83.5,1
179.9,90.6,1
178.3,88.2,1
177.5,72.5,1
178,99.8,1
177.5,65.8,1
170.2,88.2,1
170.5,69,1
175.6,78.2,1
184.6,95.9,1
169.9,81.8,1
170.3,88,1
176.3,80.5,1
163,69.5,1
175.1,64.9,1
175.4,87.1,1
179.6,86.8,1
179.7,78.5,1
169.7,72.2,1
177.3,75.1,1
175.7,95.3,1
168.8,72.9,1
174.4,67.9,1
187.2,97.6,1
185.9,99.2,1
173.6,101.7,1
173.5,88.1,1
180.5,73.6,1
181.5,76.5,1
173.4,73.5,1
170.9,73.9,1
179,95.7,1
175.4,79.2,1
168.9,82.8,1
174.1,74,1
178.6,82.7,1
180.9,88.3,1
178.8,87,1
170,79.1,1
175,82.9,1
169.8,85.7,1
166,60.5,1
176.4,79.3,1
177.2,78.2,1
166.8,60.2,1
175.8,86.9,1
167.9,86,1
178.7,93.1,1
181.7,89.1,1
185.2,93.9,1
172.9,77.2,1
177,84,1
179.8,80.9,1
177.5,85.2,1
168.6,79.5,1
191.1,80,1
177.6,87.9,1
172.2,73.3,1
172.4,66.3,1
173.4,95.4,1
173.8,89.1,1
170.2,75.9,1
182.7,82.2,1
175,81.3,1
173.4,56.9,1
164.1,56,1
175.8,76.8,1
166,67.3,1
183.9,103.3,1
177.6,83.4,1
165.8,55.3,1
174.1,72.4,1
196.3,109,1
192.4,91.7,1
179.3,88.8,1
182.6,70.7,1
174.9,88,1
173.5,80.5,1
176.7,108.3,1
172.9,79.7,1
173.7,72.7,1
186.4,68.4,1
185,94.8,1
172.9,83.4,1
178.8,92.6,1
171.3,78.7,1
188.6,82.6,1
177.6,70.5,1
177.2,75,1
170.3,78.6,1
176,86.4,1
183.2,72,1
177.9,79,1
178.2,107.4,1
173.2,76.8,1
164.6,70.7,1
168.7,82.5,1
166.5,72.1,1
178.7,99.1,1
177.2,79.2,1
186.7,84.9,1
173.9,68.5,1
183.4,69.2,1
171.5,95.3,1
171.5,81.5,1
179.8,73,1
179.5,83.1,1
186.5,107.3,1
175.1,85.2,1
174.5,81.9,1
170.8,88.8,1
183.4,95.9,1
173.6,79.3,1
179.4,76.6,1
174.6,84.1,1
188.3,94.8,1
167.5,85.8,1
176.2,63.8,1
177.4,59.8,1
183,101.6,1
177,98.7,1
174.5,108.8,1
177.4,99.8,1
174.1,66.4,1
168.1,78.1,1
184,95.2,1
158.6,68.5,1
165.7,96.2,1
185,96.5,1
168.6,86.1,1
171.4,86.7,1
175.7,94.5,1
168.2,75.2,1
182.7,95.2,1
174.3,84,1
177,56.6,1
191.1,115.9,1
181.4,79.9,1
169.4,80.8,1
175.4,66.8,1
173.2,60.1,1
182.2,69.2,1
161.8,58.7,1
174,83.9,1
171.2,75.4,1
180.9,55.4,1
177,83.8,1
184,88.6,1
181.4,80.3,1
183.7,99,1
176.3,70.8,1
195.1,117.8,1
170.8,76.7,1
174.3,81.5,1
177.5,92.5,1
172.9,88.1,1
174.4,83.9,1
184.7,103.2,1
174.2,80.6,1
169.8,83.7,1
183.7,80.2,1
175.2,88.4,1
178.4,85.9,1
174,65,1
180.7,75.4,1
171.1,89.2,1
182.2,75.1,1
160.8,57.9,1
180.9,110,1
156.4,53.7,1
165.5,75,1
165.7,77.6,1
177.9,96.1,1
177.9,70.6,1
172.7,89.9,1
183.6,89.6,1
178,91.6,1
188.9,84.6,1
177.1,79.6,1
185.2,107.7,1
183.8,82.8,1
173.2,86.4,1
172.3,80.4,1
174,78.6,1
177.8,101.1,1
174,83.2,1
188.6,82.9,1
181.2,95.7,1
186.3,90.9,1
181.6,77.5,1
187.1,91.3,1
182.4,69.3,1
173.9,84.7,1
178.7,100.4,1
170.3,84.8,1
179.8,79.2,1
174.1,73.8,1
175.8,83.5,1
187.3,99,1
163.2,51.3,1
179.9,72.2,1
162.9,70.4,1
185.8,78.9,1
175.2,85.6,1
177.8,82.1,1
172.5,85.9,1
179.1,99,1
167.1,70.6,1
169.7,66.5,1
171.2,74.8,1
161.3,70.4,1
177.7,73.8,1
176.9,87.6,1
170.7,73.6,1
179.3,110.6,1
170.9,67.7,1
176.7,90.1,1
171.7,74.1,1
182,89.2,1
173.7,76.2,1
168.1,68.4,1
179.7,90.9,1
178.2,104.7,1
168.6,82.6,1
170.4,73.2,1
173,94,1
175.8,104.2,1
165.3,83.2,1
166.7,77.6,1
175,68.3,1
175.9,94,1
182.1,88.7,1
180.1,97.5,1
165,73.7,1
186.8,95.5,1
167.9,83.7,1
192.8,102.7,1
175.9,93.6,1
165.3,61.9,1
165.9,75.4,1
182,53.3,1
178.8,85.4,1
185.5,72,1
179.7,87.1,1
168.2,65.5,1
181.1,98.5,1
169.1,89.5,1
195.7,96,1
166.3,74.3,1
177,77.7,1
182.5,78.3,1
184.9,107.5,1
175.9,85.2,1
171.9,76.7,1
192.4,127.5,1
172.9,80,1
176.9,80.2,1
183.3,102.8,1
182.6,86.6,1
181.4,104.5,1
166.5,61.2,1
179.6,72.8,1
174.6,82.7,1
165.8,76.4,1
169.7,77.1,1
178.2,65.2,1
177.8,74.5,1
162.3,74.4,1
184.1,98.9,1
169.6,77.1,1
174.6,91.2,1
171.3,60.7,1
172.5,83.4,1
180.5,77.3,1
182.9,87.4,1
173.4,84.7,1
171.7,62.3,1
172.2,77.5,1
175.6,73.9,1
177.6,85.1,1
181,94.2,1
159,77.1,1
160,52.6,1
168.4,82.2,1
180,89.7,1
176.1,82.9,1
183.8,99,1
174.1,55.1,1
184.5,87.1,1
168.7,74.2,1
181.4,66.6,1
174.2,81,1
174.4,74.2,1
184.8,93.1,1
176.5,72.1,1
180.9,83.4,1
171.2,77.2,1
175.7,77.2,1
182.3,99.4,1
173.6,66.5,1
173.3,87.3,1
160.7,65.1,1
177.2,91.5,1
167.8,72.1,1
183.4,87.6,1
173.1,92.9,1
165.3,76.3,1
174,66.7,1
173.1,84.6,1
180.7,87.6,1
174.7,95.9,1
192,88.6,1
175.8,86.1,1
172.7,69,1
181.3,95,1
180.4,89.2,1
177.6,84.6,1
176.9,78.8,1
155.7,69.1,1
176.8,76.8,1
192.8,93.9,1
164.5,75.2,1
175.2,81.4,1
175.1,85.4,1
179.2,90.9,1
177.4,71.3,1
176.4,77.3,1
177.4,82.5,1
171.5,88.6,1
180,96.9,1
169.7,92.8,1
176.4,92.6,1
176.7,104,1
160.8,67.9,1
179,75.1,1
180.8,102.1,1
185.6,109.2,1
169.4,78.7,1
175.6,79.3,1
166.4,65.6,1
173.6,85.1,1
158.6,60.1,1
180.7,65.2,1
180.9,91.7,1
180.1,93.8,1
173.4,71.2,1
179.1,95.8,1
191.3,87.4,1
183.1,90.4,1
176,74,1
189.6,91.1,1
161.3,66.6,1
182.6,89,1
176.9,87.2,1
188.3,89.8,1
169.2,49.5,0
161.5,52.5,0
169.5,53.4,0
161.4,58,0
165.6,64.9,0
161.8,48.7,0
159.3,67.7,0
156.7,53.4,0
166.9,63,0
160,62.3,0
175.3,70.7,0
172.6,74.8,0
163.8,64.7,0
172.9,75.4,0
161.1,46.1,0
170.5,76.2,0
167.8,53.1,0
163.7,50.8,0
167.4,80.6,0
174.1,85.7,0
172.2,70.6,0
164.6,62.5,0
156.1,59.9,0
166.7,36.3,0
161.5,60,0
166.3,67.2,0
171.7,81.2,0
170.8,73.6,0
171.2,64,0
172.7,75.4,0
172.8,62.3,0
167.4,65.4,0
168.4,49.1,0
170,58.8,0
155.6,58.7,0
168.5,94.1,0
156.8,34.2,0
148.2,38.5,0
167.6,68.3,0
160.9,58.8,0
173.8,76.6,0
164.8,78,0
161.3,76.6,0
167.5,61.6,0
166.2,57.5,0
158,41.3,0
156.6,70.2,0
156.4,48.7,0
158.6,50.2,0
165.4,70.6,0
163.3,75.4,0
161,72.9,0
163.2,77.4,0
172.6,56.8,0
171.7,52.2,0
170.6,66,0
167.5,80.9,0
163.8,58.3,0
170.8,72.1,0
157.8,62.8,0
172.4,68.7,0
166.8,63.4,0
167.8,62.8,0
164.3,64.1,0
169.2,78.5,0
163.3,45.3,0
159.3,65.4,0
171.4,78.6,0
166.3,76.6,0
150.5,42.7,0
166,79.4,0
158.7,57.7,0
158.8,74.2,0
161.6,77.6,0
156.1,53.2,0
159.2,68.9,0
167.6,48.9,0
161.5,55.3,0
158.7,64.8,0
162.1,42.2,0
158.2,49.6,0
157.6,57.4,0
167,83.1,0
153.6,47.9,0
157,50.1,0
168.1,54.1,0
167.9,74.4,0
163.4,79.4,0
159.8,51.9,0
166.3,69.9,0
159,74.7,0
154.6,64.5,0
155.9,50.5,0
167.5,61.3,0
169.2,77.7,0
154.6,53.4,0
169.6,66.6,0
157,70.3,0
172.2,82.3,0
158.6,67.3,0
165.2,56.3,0
159.9,58.4,0
168.5,56.1,0
161.9,59.4,0
165,65.9,0
168.8,44.3,0
165.7,65.7,0
162.7,82.3,0
161.7,77.7,0
174.9,76.3,0
160.4,48.8,0
164.2,69.8,0
174.8,84.9,0
161.9,70.4,0
162.3,70.4,0
162.9,54.9,0
176,73.7,0
165.3,74.3,0
150.5,45.7,0
158.4,57.5,0
160.3,47.3,0
168.9,68.7,0
172.7,65.3,0
165,36.5,0
177.6,72.6,0
170.2,83.1,0
166.2,74.4,0
163.5,50.1,0
161.7,46.2,0
158,67,0
168,70.9,0
166.1,63.7,0
159.8,40.3,0
157.4,72.4,0
158.7,57,0
165.8,67.6,0
167.7,66.6,0
166.1,68.2,0
163.7,49.9,0
161,59.7,0
162.3,54.7,0
158.3,47.6,0
166.1,75.4,0
166.4,60.1,0
166.4,62,0
165.3,61.2,0
160.3,82.1,0
162.6,59.6,0
171,70.6,0
159.5,70.7,0
167.5,69.4,0
148.9,59.5,0
164.4,60.4,0
166.4,78.6,0
166.2,70,0
165.4,70,0
168.9,92,0
155.7,57.5,0
167.5,58,0
160.8,60.9,0
163,52.4,0
169.7,64.1,0
160.3,64.8,0
164.2,42.9,0
155.5,61.6,0
155.1,62.6,0
164.2,66.4,0
148.4,67.7,0
158.6,73.9,0
155.9,78.4,0
183.1,71.9,0
164.3,64.7,0
159.6,52.8,0
163,59.3,0
169.1,80.5,0
173.6,75.3,0
164.1,72.4,0
165,45.9,0
162.3,61,0
156.6,56.6,0
165.1,69.6,0
162.3,69.3,0
174.4,62,0
163,66.8,0
166.9,66.7,0
166.6,87.2,0
165.6,73.5,0
158.2,45.5,0
156.8,37.7,0
168.5,63.7,0
156.3,59.2,0
170.4,74.8,0
167.7,74.1,0
175.1,77.9,0
153.3,49.1,0
166.8,62.1,0
165.2,78.9,0
158.6,58.7,0
153.1,47.5,0
165.3,51.9,0
178,95.7,0
165.2,80.5,0
161,76.7,0
156.4,37.6,0
156.7,65.7,0
166.2,60.2,0
157.1,48.8,0
154.6,51.9,0
159.1,61.7,0
167,66.5,0
153.4,63.8,0
151.7,51.9,0
165.8,43.6,0
167.3,62.4,0
165.5,54,0
153.7,58.1,0
154.8,48,0
165.1,69.4,0
167.8,71.5,0
172,75.1,0
157.6,54,0
169.9,65.9,0
162.3,60.9,0
161.8,59.9,0
172.5,73.2,0
160.5,47.3,0
165.3,52,0
162.8,57.7,0
164.4,67.1,0
166.9,60.1,0
152.7,67.2,0
183.3,78.5,0
167.6,75.2,0
163.4,68,0
156.9,41.4,0
160.9,60.5,0
164,75.6,0
159.3,61.9,0
163.2,55.6,0
157.8,56.6,0
166.5,61.3,0
161.2,46.4,0
169.6,70.1,0
168,54.3,0
165.3,69.6,0
157.6,75.4,0
163.6,53,0
167.4,48.9,0
155.7,71.2,0
164.1,64,0
161.1,51.5,0
163.1,63,0
163.7,63.1,0
169.9,89.3,0
157.6,68.4,0
163.1,64.2,0
168.4,61.4,0
168.5,74.5,0
163.1,58.7,0
167.4,67.1,0
160.7,73.1,0
174.3,57.2,0
160.7,57.7,0
157.1,56.7,0
162,64.6,0
164.4,60.2,0
151.5,50.2,0
156,48.2,0
167.7,64,0
150.4,62.6,0
162.9,75.8,0
152.8,62.6,0
159.3,53,0
160.7,70.2,0
160.9,56.9,0
164.3,77.8,0
163.4,65.4,0
161.6,77.7,0
161.7,56.1,0
174.2,74.4,0
167,49.4,0
164.4,63.7,0
161.5,61.8,0
158.1,55.3,0
166.4,51.7,0
158.9,50.2,0
163.8,72,0
169.1,66.7,0
163.5,85.6,0
164,66.1,0
167.9,76,0
160.6,71.1,0
169.5,68.8,0
158.2,64.3,0
160.9,72,0
169.3,70.3,0
157.5,61.2,0
159.2,72.5,0
158.4,57.6,0
158.7,70.7,0
158.1,58.7,0
167.8,78.1,0
165.3,77.7,0
167.6,60.6,0
167.3,53.9,0
161.6,59.3,0
152.4,58,0
152.2,45.2,0
166.3,61.7,0
175,95.2,0
160.2,74.7,0
168.8,63,0
166.8,51.8,0
165.9,55.2,0
163.2,44.4,0
159.4,60.6,0
161.8,66.3,0
168.3,52.2,0
161.3,73.4,0
160.7,57,0
167,52.5,0
156.2,71.6,0
160,75,0
161,74.2,0
160.1,74,0
162.9,65.6,0
164.8,57.7,0
167.5,69.3,0
160.5,63.4,0
156.1,58,0
156.6,63.2,0
173.7,82.7,0
170,71.2,0
161.3,61.7,0
164.6,50.1,0
148.8,60.9,0
156.6,73.5,0
169,53.3,0
174.7,63.7,0
161,44.3,0
170.1,84.5,0
158.7,46.8,0
161.2,56.6,0
160.7,56,0
152.6,36.4,0
160.9,44.8,0
163.6,66.7,0
170.6,96.8,0
158.9,56.7,0
173.2,60,0
159.2,55.6,0
150.8,48.9,0
168.3,62.5,0
170.9,94.2,0
150.1,53.9,0
155,51.6,0
163.2,55.3,0
157.2,63.5,0
164.3,80.4,0
157.1,52,0
170.8,78.6,0
166.2,65.3,0
154,58.9,0
167.5,66.1,0
166.9,66.2,0
169.8,83.2,0
152.3,62.7,0
164.2,71.6,0
170.4,78.2,0
158.4,64.9,0
168.8,79.7,0
170.2,69.6,0
172.5,66,0
158.6,71,0
156.4,44.7,0
163,74.5,0
162.1,73.6,0
167.6,70.5,0
160.8,84.1,0
157.9,52.6,0
156.9,65.7,0
164.4,69,0
166.4,63.9,0
158.5,51.6,0
168.8,51.5,0
166.7,69,0
151.9,59.8,0
163.5,60.4,0
155,49.9,0
174.4,71.6,0
166.7,77.8,0
169.6,47.3,0
160.2,76.2,0
170.4,60.6,0
165.4,76.9,0
156.3,54.6,0
173.5,60.2,0
157,54,0
150.5,71.6,0
166.8,71.2,0
168.7,61.9,0
166.9,42.3,0
161.3,61,0
157.2,50,0
161.9,63,0
157.3,57.7,0
167.4,77.8,0
169.5,71.1,0
166.1,38,0
160.6,67.6,0
162.7,60.3,0
158.6,43.9,0
173.2,80.9,0
169.6,70.7,0
162.9,54.9,0
166.9,75,0
168.1,48.7,0
169.2,67.5,0
162.6,72.9,0
162.6,53,0
173.4,69.5,0
166.9,55.2,0
157.3,59.7,0
171.8,54,0
162.9,71.9,0
165.8,77.7,0
172,68.1,0
165.2,51.2,0
161.5,72.4,0
159.1,67.5,0
163,74.1,0
162,66.9,0
165.2,66.9,0
166.2,75.7,0
168.8,64.5,0
155.9,64.2,0
156.2,49.9,0
166.7,82.2,0
162.4,47.1,0
156.6,46.9,0
163.2,47.4,0
155.2,47.6,0
165.6,85.8,0
164.6,65.9,0
163.9,63.8,0
155.6,74,0
162.7,45.3,0
159,59.4,0
171.8,86.7,0
153.7,50.5,0
166.3,64.9,0
155.5,49.6,0
164.2,70.8,0
158.8,56.1,0
164.4,86.1,0
173.3,68.5,0
163.2,59.5,0
162.5,40.6,0
164.6,68.2,0
171.1,58.9,0
163.9,83.7,0
149.3,65.5,0
144.4,54.3,0
152.3,49.1,0
160.5,48.8,0
171.2,63.2,0
175.6,65.1,0
159.6,58.2,0
151.2,41.2,0
163.9,98,0
161.1,64.7,0
163.5,64.9,0
154.9,71.6,0
161.9,54.8,0
173.5,74.2,0
165.2,69,0
172,73.1,0
172.1,67.8,0
161.9,40.1,0
150.2,61,0
172.9,89.6,0
164,64.6,0
172.5,57,0
165.6,78.8,0
168.9,59.3,0
156.8,58.8,0
164.6,60.8,0
162.7,71.4,0
163.4,77.3,0
167.4,73.2,0
153.4,63.2,0
166.6,76.6,0
166.7,65.5,0
170.4,76.4,0
173.5,35.1,0
170.1,65,0
174,76.9,0
169.3,74.6,0
170.9,62.9,0
162.2,70.1,0
161.7,68,0
165,51.7,0
163.8,63.5,0
157.4,80.7,0
162.8,55,0
169.3,60.9,0
156.3,50.2,0
164.2,84.6,0
168.9,71.2,0
160.9,67.6,0
167.2,73.5,0
161.2,52.4,0
156,57.7,0
162.9,64.1,0
159.1,35.8,0
165.8,62.9,0
167.4,72.8,0
164.2,59.8,0
166.5,65.5,0
160,76.2,0
168.2,54.7,0
159,62.4,0
161.5,70.3,0
161.7,61.6,0
164.5,63.8,0
158.9,69.8,0
173.4,71.4,0
170.3,67.8,0
165,61.9,0
162.2,43.7,0
148.4,51.4,0
155,42,0
162.6,87.2,0
170.1,51.5,0
171.6,82.1,0
174.6,87.3,0
152.8,57.5,0
167.8,80.1,0
159.5,60.1,0
162.7,66.3,0
163.2,80.1,0
172.1,88.1,0
156.9,70.1,0
159,53.4,0
162.5,59,0
160,56.3,0
154.3,58.7,0
151.2,58,0
159.3,71.2,0
145.7,34.4,0
168.7,76,0
154.7,52.8,0
158.7,80.3,0
170.3,65.9,0
165.7,54.5,0
167.4,64.9,0
166.1,51.8,0
166.9,60,0
164.9,74.7,0
170.6,76.4,0
156.9,45.9,0
167.7,70.4,0
160.8,53.2,0
159.3,76.5,0
161.4,60.7,0
168.6,98.9,0
159.1,58.1,0
170.1,84.6,0
158.6,61.2,0
156,54.7,0
156.6,57.9,0
152.5,78.3,0
161,72.5,0
162.9,59.8,0
162.7,58.3,0
158.4,53.4,0
169.1,59.8,0
165.2,87.2,0
165.3,66.8,0
164.9,64,0
158,51.4,0
168.5,59.5,0
162.3,61.3,0
171.5,65.7,0
161.9,63.6,0
178.2,91.9,0
158.8,45.2,0
157.8,65.9,0
168.3,65.9,0
165,73.6,0
165.4,51.9,0
165.6,62.6,0
157.9,69.5,0
167.7,73.5,0
163.8,49.1,0
170.6,64.9,0
150,53.2,0
166.2,66.2,0
162.8,74.3,0
163.5,72.6,0
153.9,52,0
170.3,78.3,0
158.6,57.4,0
153.2,55.5,0
175.3,80.3,0
158.4,55,0
158.4,55.7,0
163.2,76.1,0
161.1,50.4,0
162,61.7,0
163.9,43.2,0
172.1,76.1,0
165,94.4,0
166.7,64.7,0
164.6,67.2,0
169.4,78.9,0
161.7,56.9,0
156.1,53.6,0
160.9,65.6,0
163.9,74.4,0
165.7,49.4,0
162.3,52.7,0
153,55.4,0
164.3,52.8,0
171.1,79.8,0
162.8,79.8,0
169.4,74.2,0
170.1,50,0
159.2,42.2,0
164.5,67.2,0
158.5,55.6,0
160,71.1,0
166.4,68.2,0
169.5,75.7,0
162.9,83.9,0
159.8,60.2,0
164.6,34.4,0
163.3,63.7,0
166.1,99.2,0
168,71,0
173.9,70,0
166.1,72.3,0
166.8,65.4,0
166.9,64.3,0
164.9,86,0
163.6,83.5,0
174.3,89.5,0
168.8,69.4,0
164.8,50.6,0
154.8,67.6,0
157.8,62.4,0
163.3,67.6,0
166.3,73.9,0
172.9,47.2,0
160.9,85.5,0
170.8,72.2,0
166.7,68.4,0
162.2,59.4,0
164,62.3,0
170.1,82,0
160.1,56.6,0
155.1,86.2,0
155.9,64.7,0
162.6,83.9,0
169.8,76.7,0
165.5,76.4,0
163.9,58.4,0
164.5,63,0
164.3,48.3,0
167.9,66.4,0
158.6,62.3,0
168.5,64.7,0
161.5,57,0
162.7,67.5,0
159.5,66.5,0
163.6,61,0
165.2,69.7,0
165.8,72.2,0
149.7,44.6,0
162.7,59.5,0
176.3,67.9,0
154.3,57.6,0
160.1,49.6,0
160.5,57.9,0
162.1,65.4,0
158.9,54.6,0
164,69.4,0
159.2,41.3,0
174,70.8,0
167.3,63.1,0
173.5,85.9,0
165.5,55.6,0
167.8,62.3,0
161.6,59.1,0
164.6,55,0
165.4,61.6,0
168.8,59.3,0
161.9,71.7,0
164.8,71.3,0
155.6,50.6,0
165.9,77,0
155.1,56.1,0
156,63.2,0
150.6,47.6,0
157.4,48.2,0
160.2,69,0
161.8,63.9,0
169.8,37.6,0
161,54,0
161.5,69.6,0
161.8,57.5,0
150.8,64.7,0
156.4,58.5,0
169.7,66.9,0
162.3,67.5,0
165.3,67.7,0
166.4,80.5,0
163,47.3,0
152.6,52.6,0
157.9,58.1,0
157.9,43.9,0
168.2,70.2,0
167.6,70.1,0
168.7,62.5,0
152.7,69.7,0
153.1,61.8,0
153.9,61.5,0
170.6,58,0
161.7,47.8,0
155.2,39.3,0
168.7,93.9,0
172.1,69.1,0
168.8,57.2,0
161,62.6,0
169.6,55.4,0
160.5,59.6,0
168,61.9,0
168,62.9,0
170.2,63.2,0
158.2,52.6,0
165.3,81.9,0
174.4,55.2,0
165,42.9,0
170.3,79.6,0
158.8,62,0
160,57.7,0
165.8,73.4,0
165.9,69.9,0
174.2,77.6,0
165,62.8,0
156.7,50.1,0
165.4,69.7,0
172.6,60.3,0
153.4,66.7,0
161.1,60.7,0
157.7,57.4,0
171.2,60.4,0
160.2,65,0
168.7,85.4,0
153.6,49.7,0
164.9,49.2,0
155.8,50.9,0
159.4,54.9,0
163.7,76.7,0
165.7,77.2,0
170.5,64.2,0
170.3,67.1,0
153.4,58.2,0
164.4,76.3,0
159,58.7,0
168.9,73.7,0
169.1,64,0
167.7,57.2,0
168.8,60.5,0
164.2,59,0
168.2,81.1,0
176.2,56.8,0
162.2,62,0
164.9,72.9,0
157.6,63,0
163.9,79,0
160,65.2,0
162.8,65.6,0
171.8,90.1,0
166.1,70.4,0
164.5,84.1,0
170.4,83.2,0
169.7,88.7,0
160.8,57.1,0
156.2,39,0
160.3,53.8,0
174.8,43.6,0
171.2,53.7,0
162.8,53.3,0
164.3,56.3,0
161.6,73.7,0
153.3,55.7,0
171.7,78.4,0
158.8,54.4,0
170.3,57.2,0
171.5,100.3,0
154.7,49.3,0
168.7,79.2,0
164.1,49.4,0
163.9,85,0
164.9,86.6,0
163.3,48.6,0
168.1,82.2,0
163.3,66.9,0
170.2,76,0
169.4,66.3,0
166.4,65.1,0
169.6,67.7,0
164.7,76.7,0
166.2,47.8,0
155.5,61.3,0
173.5,86.3,0
163.6,58.2,0
167.3,78.8,0
169.8,54,0
167.7,67.9,0
156.2,47.6,0
168.2,65,0
168.2,76.7,0
164.8,76.5,0
172.4,77.7,0
163.4,87.2,0
164,70.6,0
170.3,86,0
162.8,62.7,0
158.5,47.3,0
167,84.4,0
162.4,57.8,0
168.4,67.1,0
156.2,63.8,0
158.6,55.4,0
163.9,87,0
164.5,60.1,0
168.7,59.7,0
173.9,72.3,0
159.8,44.6,0
166.5,72.9,0
175.4,86.2,0
162.9,69.1,0
169.4,70.4,0
162.4,71.7,0
165.8,76.6,0
160.9,75.9,0
158.9,37.6,0
173.4,78.5,0
157.4,62,0
174.1,77.8,0
164.1,59.9,0
161.3,52.5,0
162.4,65.3,0
161.7,61,0
160.5,62.7,0
152.9,55.8,0
179.6,68.6,0
165.8,64.7,0
162.5,65.6,0
162.6,93.7,0
174.2,75.7,0
156.2,41.7,0
165.5,58.9,0
165.5,57.9,0
159.4,42,0
168.1,69.7,0
156.1,48,0
163.2,62.1,0
163.7,39,0
164.4,65.5,0
163.1,92.3,0
166.1,87.4,0
175,70.5,0
158.2,76.7,0
148.1,73.4,0
164.1,66.9,0
167.2,60.8,0
164.9,82.5,0
164.5,83.7,0
160.7,44.4,0
167.8,70.9,0
157.8,60.4,0
157.3,59.8,0
149.7,32.1,0
168.2,68.4,0
170.6,58.1,0
170.2,81.7,0
173.6,79.1,0
170.2,66,0
158.8,57.3,0
169.2,79.2,0
167.3,71.7,0
164.2,51.1,0
167.7,73.7,0
160.7,58.3,0
157.1,65.6,0
161.3,72.3,0
166.8,95.2,0
163.1,61.6,0
180,85.2,0
156,50.8,0
159.7,71.4,0
154.6,62.7,0
152,68.8,0
172.5,76.3,0
170,92.4,0
171.5,81.5,0
159.9,67,0
168.7,57.1,0
166.8,47.7,0
173.6,73.7,0
168.1,78.7,0
155.7,49.8,0
165.2,56.8,0
162.9,75,0
163.4,51.9,0
169.4,99.3,0
152.5,67.5,0
161.5,48.8,0
157.8,58.9,0
167.9,57.7,0
168.4,68.9,0
161.9,62.6,0
166.6,31.7,0
159.4,72.9,0
173.3,66.5,0
165.4,69.9,0
167.5,65.9,0
175.2,88.5,0
159,61.2,0
164.2,83.2,0
165.5,83.2,0
160.2,80.9,0
164.6,62.9,0
151.6,40.1,0
170.9,81,0
151.6,46.4,0
155.4,46.4,0
161.7,73.4,0
161.9,49.2,0
165.2,65.6,0
167.5,70.2,0
160.1,57.7,0
162.5,62.9,0
176.8,53.6,0
155.5,52.6,0
158.9,47.5,0
159.7,47.7,0
165.3,47.9,0
167.2,85.3,0
167.4,68.9,0
158.4,71.5,0
154.1,52.1,0
156.5,62.6,0
164,48.7,0
164.4,82.1,0
163.1,73.6,0
164.9,84.7,0
171.9,69.2,0
167.3,77.6,0
161.3,65.5,0
161.2,92.3,0
166.3,79.4,0
169.9,62.7,0
160.9,58.2,0
166.5,73,0
161.8,67.5,0
162.7,77.1,0
161.5,70.9,0
166.9,47.6,0
159.7,59,0
164.1,64.1,0
167.4,76.2,0
167.4,79.3,0
173.5,67.6,0
159.4,58.4,0
166.7,46.6,0
170.9,75.6,0
169.9,63,0
165.3,54,0
159.8,66.8,0
168.9,69.9,0
169.1,101.9,0
160.7,60.4,0
161.4,59.7,0
164.2,38.5,0
159,45.5,0
159.4,61.5,0
159.9,49.7,0
164.4,81.1,0
158.6,29.8,0
171.3,44.8,0
162,59.2,0
173.4,55,0
157.7,47.3,0
158.5,46.5,0
156.2,57.3,0
170.3,74.6,0
174.8,72.3,0
163.9,62,0
169.2,86,0
165.1,72.7,0
165.2,66.8,0
160.8,61.5,0
173.5,67.6,0
150.3,59.1,0
174.3,85.7,0
158.3,51.9,0
165,61.4,0
159.9,60.6,0
170.8,65.5,0
172,65.2,0
159.9,68.5,0
154.4,64.2,0
164,77,0
168.7,68.3,0
162.9,64.5,0
157.9,50.3,0
162.2,57.9,0
161.6,69.8,0
166.7,52,0
160.9,50.3,0
167.5,76.5,0
156.7,60.7,0
163,70.6,0
158.9,73.6,0
171.5,78.2,0
160.1,71.5,0
159.2,70.7,0
160.8,65.1,0
169.3,76.6,0
166.1,71.1,0
154.6,49.2,0
146.3,71.8,0
161.8,59.1,0
173.4,89.5,0
160.9,58.9,0
161.6,61,0
157.9,42.8,0
157,58.1,0
167.8,73,0
173.2,82,0
151.4,65.5,0
160,52.2,0
163.1,84.4,0
161.1,47.8,0
149.6,54.2,0
163.7,46.7,0
160.2,72.2,0
165.6,57.7,0
156.2,50.4,0
168.5,72.2,0
171.9,78.3,0
160.3,61.3,0
162.5,61.4,0
156,57.2,0
161.2,62.1,0
163.5,64.8,0
148.7,64.4,0
166.9,61,0
166,56.9,0
162.9,51.9,0
172.1,98.5,0
159.2,66.4,0
165.7,42.4,0
153.8,58.1,0
166.9,79.6,0
159.3,66.6,0
152.2,46.2,0
164.7,77.7,0
162.5,57.8,0
167.4,68.7,0
165.8,58.6,0
159,46.5,0
165.1,65.3,0
159.2,69.5,0
167.2,52.6,0
165.5,62.1,0
165.6,61.2,0
169.4,68.3,0
163.5,71.2,0
166.6,53.2,0
168.3,64.4,0
162.3,61,0
160.3,71.2,0
167.6,71.4,0
162.2,76,0
161,71,0
170.4,57.3,0
156.8,45.7,0
160.3,74.3,0
167.9,61.3,0
164,50.2,0
166.1,57.1,0
167.4,66.6,0
161.6,49.5,0
156.3,54.2,0
163.1,66.8,0
157,52.5,0
166.6,75.9,0
157.4,63.2,0
168.6,69,0
157.7,48.1,0
162.3,63.6,0
169.3,61.5,0
164.1,45.9,0
166.6,55.5,0
164.3,60.3,0
165.7,81.3,0
163.8,54.7,0
160.7,65,0
162.2,64,0
178.1,54.9,0
176,59.6,0
160.7,59.7,0
166.9,63.6,0
156.8,54.5,0
162.5,69.7,0
164.1,57,0
160.4,51.9,0
162.4,71.5,0
162.6,72.5,0
161.8,69.5,0
162.6,63.7,0
160.3,61.1,0
163.8,72.5,0
170.9,59.1,0
166.8,75.3,0
165.8,58.7,0
161.4,54.3,0
160.4,52.3,0
173.8,59.5,0
164.6,61.2,0
163.6,57,0
167.1,77.9,0
165.3,63.9,0
157.2,46.4,0
154.3,43.4,0
163.1,75.4,0
158.4,78,0
164.8,67.3,0
170.4,54.8,0
163.3,59.8,0
167.5,70,0
170.7,55,0
170,69.6,0
170.3,50.9,0
155.6,61.4,0
171.6,74.1,0
162.8,52.1,0
171.2,74.6,0
183.7,86.6,0
163.1,79.5,0
173.3,53.8,0
169.6,90,0
160.3,51.9,0
168.2,78.8,0
171,52.8,0
158.7,37.6,0
158.9,50.1,0
165.4,56.4,0
178,78.8,0
161.6,50.8,0
171.7,88,0
157.7,50,0
161.3,44.3,0
177,85.5,0
165,57.5,0
160,66.7,0
164.4,84.2,0
166.1,74.9,0
160.5,58.5,0
153.2,65.6,0
169.8,96.2,0
165.3,82.3,0
168.5,73.1,0
170.7,78,0
158.3,54.8,0
171.6,61.3,0
160.5,69.2,0
171.3,82,0
161.3,67.9,0
159.7,56.1,0
164,66.1,0
167.5,78.8,0
161.9,52.2,0
166.4,66,0
157.3,70.9,0
167.4,79.2,0
168.4,80.7,0
162.6,66,0
160.4,46,0
157.3,63.3,0
173.5,64.1,0
163.2,74.3,0
171.6,66.4,0
161.8,67.9,0
160.7,68.7,0
162.6,66.4,0
168.3,53.6,0
166.6,69,0
169.6,81.9,0
160,65,0
167.6,63.9,0
152.2,65.2,0
158,69.5,0
169.1,22.3,0
156.3,51.4,0
162.3,58.7,0
164.2,75.6,0
154.9,55.3,0
162.9,33.4,0
158.6,59.3,0
158.8,55.8,0
160.5,53.7,0
167.9,52.4,0
165.4,77.2,0
169.8,53.5,0
170.4,65.5,0
153.6,61,0
166.4,63,0
162.6,39,0
172,54.2,0
165.7,62.8,0
162.9,58,0
154.8,44.4,0
162.1,64.7,0
163.9,66.6,0
161.9,71.5,0
158.7,61.5,0
155.7,62,0
167.4,77.5,0
165.2,70.6,0
146.2,43.3,0
163.1,59.2,0
167.9,87.8,0
162.6,75.4,0
162.1,76.9,0
158.6,67.5,0
161.5,80.2,0
158,62.3,0
160.6,57.8,0
165.6,72.3,0
161.5,78.2,0
165.2,73.7,0
169.7,79.5,0
167.1,68.7,0
160.3,57.9,0
158,48.7,0
166,68.9,0
154.5,53,0
156.8,56.1,0
155.3,55.3,0
161.1,51.9,0
165.1,66.2,0
165.5,61.3,0
165.9,92.9,0
172.7,51.7,0
161.9,64.1,0
167.5,51.7,0
162,53.8,0
168.7,65.1,0
162.8,69,0
166.2,55.6,0
159.5,64.3,0
173.2,82.8,0
156.2,61.8,0
159.6,45.2,0
159.3,62.5,0
167.8,74.8,0
166.8,68.1,0
160.8,49.6,0
162.7,60.6,0
167.1,64.1,0
166.9,79.3,0
162.5,56.9,0
151.5,54.6,0
166.8,64.5,0
165.9,61.2,0
163.6,68.5,0
161.6,48.1,0
156.8,64,0
172,93.7,0
161.5,47.7,0
162.7,49,0
149.6,60.7,0
167.3,61.2,0
160.9,54.3,0
161.9,79.3,0
155.2,63.2,0
158.3,47.6,0
156,54.1,0
157.5,65.4,0
165.9,75.9,0
171.4,56.5,0
166.1,43.5,0
166.5,84.6,0
174.3,76.6,0
165.6,61.5,0
171.2,80.5,0
166.2,60.1,0
163.7,75.9,0
166.6,68.5,0
159.8,46.4,0
169.5,65.2,0
173.4,79.9,0
162.6,70.4,0
152,72.7,0
163.4,45.6,0
151,51.4,0
165.7,68.4,0
166.2,79.5,0
155.2,47.8,0
169.5,97.5,0
156.2,48.4,0
163.5,48.5,0
169.7,42.5,0
161.7,52.3,0
155.9,47.7,0
151.8,60,0
157.5,62.6,0
169.1,69.8,0
168.2,68.6,0
167.5,79.5,0
169.5,67.9,0
160.7,61.5,0
168.4,86.3,0
161,78.7,0
170.6,61.6,0
166.5,46.5,0
164.8,74.9,0
163.2,60.9,0
156.3,51.7,0
159.9,57,0
166.1,58.1,0
171.8,61.8,0
157.7,86,0
166.2,59.7,0
159.5,51.5,0
166.8,81.5,0
159.6,56.8,0
166.5,61.6,0
152,65.5,0
168.1,70.3,0
163.9,65.8,0
165.9,63.5,0
156.7,34.7,0
161.8,34.2,0
168.7,60.8,0
168,65.7,0
158.1,61.4,0
155.9,48.3,0
163.7,88.3,0
178.4,72.5,0
160.6,67.6,0
164.3,65.2,0
159.8,61.4,0
163.9,66.3,0
163.7,56.8,0
163.6,68.7,0
165,73.8,0
160.9,60.1,0
166.8,94,0
172.3,64.6,0
160.5,55.4,0
153.8,47.4,0
160.4,62.7,0
166,75.4,0
167.1,82,0
163.5,61.6,0
165.7,62,0
154.3,75,0
165,67.7,0
166.6,60.4,0
165.4,62.2,0
167.7,64.9,0
163.8,56.8,0
162.7,63.3,0
151.2,62.3,0
160.1,60.2,0
173.7,79.2,0
160.9,67.8,0
173.9,42.4,0
152.7,52.8,0
166.5,69.3,0
166.6,57.4,0
152.6,61.1,0
164.2,53,0
161.8,65.5,0
164.2,56.3,0
164.9,62.1,0
170.8,73.4,0
164.4,79.1,0
156.7,45.7,0
165,80.8,0
163.8,56.1,0
161.8,46.6,0
181.9,67.8,0
163.5,87.8,0
157.2,47.8,0
172.5,70.1,0
160.5,68.1,0
165.6,78.6,0
159,70.2,0
153,65,0
171.2,75.2,0
157.8,84.8,0
162.2,63.4,0
169.8,66.9,0
162.7,35.6,0
167.4,74.2,0
161.6,62.2,0
180.3,69,0
164.3,58.1,0
161.7,74.4,0
158,60.5,0
158.4,56.4,0
164.1,60.1,0
171,62.5,0
173.8,74.2,0
165.9,64.9,0
165.2,88.8,0
171,61.6,0
161.3,41.6,0
164.3,73,0
164,46.8,0
156.7,73.9,0
159.1,83.5,0
155.9,87.2,0
165.1,65.2,0
168.6,69.5,0
163.1,85.8,0
166.6,85.2,0
169.7,60,0
168.6,99.9,0
168.7,68.3,0
157.6,62.6,0
169,52.3,0
173.6,73.1,0
154.8,54.4,0
149.7,42.4,0
166.3,65.2,0
167.9,55.3,0
157.9,48.7,0
147.5,38.6,0
152.6,48.6,0
160.3,54.9,0
162.1,61.6,0
167.8,60.4,0
168.5,88.1,0
162.4,74.2,0
161.5,65,0
164.7,63.3,0
162,71.2,0
165.1,73.2,0
152.5,42.3,0
166.9,61,0
160.1,72.5,0
155.2,59.8,0
171,74.6,0
159.7,57.2,0
158.9,62.2,0
169.1,73,0
175.3,94.7,0
162.8,72.4,0
163.3,53.3,0
160.6,54.8,0
153.5,47.1,0
154,65.1,0
153.6,52.6,0
165.8,88.4,0
155,55.6,0
153.1,61.4,0
161.5,72.2,0
172.1,85.6,0
173.4,78.1,0
162.1,55.4,0
166.7,33.8,0
162.8,53,0
160.7,73.3,0
163.4,72,0
162.9,73.2,0
172.1,58.6,0
167.8,66.6,0
162.9,42.8,0
154.3,63.7,0
164.3,74.3,0
168,75.8,0
173.2,56.2,0
166.9,66.4,0
169.3,66.8,0
169,65.8,0
167,76.6,0
164,65.7,0
163.1,67,0
168.4,62.2,0
158.9,51.9,0
164.1,46.8,0
162.7,71.8,0
169.6,63.3,0
168.9,69.2,0
172.1,64.1,0
159,43.2,0
162.7,69.6,0
160.5,65.8,0
176.2,80.3,0
163.1,53.7,0
158,56.6,0
160.3,56,0
149.5,49.7,0
167.7,66.3,0
160.4,33.9,0
161.9,76.5,0
167.1,81.5,0
163,49.7,0
158.2,48.7,0
157.1,68.4,0
163.1,64.3,0
168.4,73.8,0
165.7,69.2,0
158.1,70.8,0
161.6,48.4,0
166.3,79.5,0
167.7,70.1,0
170.1,83.5,0
156,61.2,0
156.5,58.7,0
170.7,68,0
172,64.7,0
157.2,51.7,0
163.7,77.5,0
155.6,63.4,0
158.7,71.8,0
173.1,81.8,0
160.3,56.3,0
169.2,85.2,0
171.3,73.7,0
161.5,65.7,0
177.1,93.4,0
164,47.2,0
159.8,63.4,0
169.8,64.3,0
167.3,88.8,0
156.2,59.9,0
155.4,45.2,0
167.2,66.4,0
164.9,69.9,0
160.7,76,0
161.4,61.5,0
161.5,69.7,0
159.9,71.8,0
154.5,41.2,0
161,64.9,0
155.4,52.2,0
165.2,70.4,0
156.1,60.4,0
167.3,62.3,0
164,74.3,0
174.1,60.1,0
156.9,44.4,0
170.4,76,0
159.9,58.5,0
169.5,70.7,0
147.6,39.6,0
159.9,64.8,0
166.6,53.5,0
168,83.3,0
166.6,71.3,0
164.3,55.3,0
167.8,83.2,0
153.8,55.3,0
156.8,60,0
163.7,57.7,0
151.6,49,0
161.3,73.4,0
151.3,67.9,0
170.7,81.8,0
159.2,52.5,0
170.3,74.7,0
158.3,76.4,0
168.4,89.7,0
163.8,64.7,0
167.2,49.5,0
177.6,62.9,0
159,66.2,0
173.8,92.7,0
166,100.6,0
165.6,64.9,0
151.4,49.7,0
155,71.6,0
156.2,46.1,0
171.2,61.7,0
159.7,46.7,0
167.3,67.3,0
167.2,93.6,0
172,92.9,0
170.6,85.9,0
163.3,83.9,0
174.8,63.6,0
169.9,98,0
148.7,31.9,0
165.6,72.7,0
161.3,54.2,0
162.2,62.5,0
162.9,53.2,0
162.7,46.2,0
158.5,66,0
158.7,55.4,0
169.2,59,0
167.8,57.6,0
155.7,72.5,0
168,62.9,0
172.8,70.1,0
156.8,61.6,0
169.8,77.6,0
161.8,70.2,0
162.1,57.4,0
164.2,68,0
169.4,57.9,0
163.8,52.2,0
174.8,88.1,0
171.3,85.4,0
166.2,77.4,0
152,70.2,0
175.2,93.7,0
162.8,63.8,0
159.6,61.5,0
156.4,69.8,0
163.8,68.5,0
162.8,65.9,0
156.3,60.3,0
162,62.6,0
156.6,65.8,0
165.9,53.8,0
168.8,74.3,0
159.4,64.7,0
169.7,57.4,0
164.4,47.8,0
164.4,63.6,0
169,67.1,0
154.9,55.3,0
172.6,70.9,0
173,86.6,0
163.3,86.7,0
164.4,63.1,0
176.9,67.6,0
158.1,72.6,0
171.4,58.4,0
162.2,45.4,0
173.4,55.9,0
170.7,71.5,0
171.2,79.2,0
170.3,84.6,0
169.7,43.8,0
158.8,47.6,0
164.4,41.8,0
167.9,52.8,0
170.2,73.5,0
166.6,69,0
159.9,61.7,0
164.5,55.5,0
158.1,61.1,0
166.9,70,0
163,57,0
157.7,64.6,0
174.8,72.2,0
166.3,67.7,0
175,72.9,0
160.4,56.1,0
172.5,91.4,0
173.6,71.4,0
150.5,61.8,0
155.3,60.7,0
163,47.1,0
169.4,65.3,0
164.6,68.1,0
164.3,52.4,0
155,52,0
170.6,63.8,0
167.4,69.8,0
164.2,71.4,0
159,53.5,0
166.8,61.6,0
155.4,86.7,0
162.8,79.7,0
163.8,54.2,0
169.6,47.8,0
163.4,60.9,0
154.2,72.8,0
162.2,64.9,0
162,42,0
164.9,60.8,0
160.6,96.4,0
165.4,69.1,0
156.6,63.8,0
162,79,0
169.6,78.3,0
163.1,54.6,0
164.1,43.5,0
172.8,85.4,0
170.5,82.7,0
163.3,57.9,0
150.9,44.1,0
177.5,75.4,0
168.7,81.5,0
173,61.4,0
169.1,71.4,0
174.9,69.6,0
164.1,67.7,0
157.2,61.2,0
168,80.2,0
164.3,55.1,0
158.5,75.4,0
163.6,71.1,0
164.9,55.4,0
165,50.2,0
171,73.7,0
179.1,80.1,0
148.3,52.8,0
168.8,63.6,0
161.3,68.5,0
163,66.6,0
156.9,69.5,0
169,79.2,0
161.1,67.7,0
172.8,63.9,0
163.8,61.4,0
165.6,70.3,0
176.4,93.5,0
164.4,63.7,0
160.2,59.5,0
165.2,69.6,0
158.9,43.4,0
166.1,80.9,0
161.4,65.1,0
159.6,71,0
160,59.8,0
159.5,51.9,0
153.9,63.4,0
150.4,45.4,0
171.7,54.3,0
162.8,49.4,0
167.9,75.9,0
161.4,73.1,0
157,50.8,0
169.8,63.7,0
156.7,49.1,0
160.7,81.2,0
161.2,58.8,0
164.7,58.1,0
156.6,74.7,0
165.6,59.5,0
156.6,53.9,0
157.6,60.5,0
167.2,72,0
162,60.2,0
156.8,69.4,0
154.2,46.7,0
169,71.3,0
166.3,97.9,0
164.8,61.4,0
164,55.7,0
170.7,74.9,0
164.7,64.5,0
167.3,64,0
164.1,62.5,0
156.7,53.1,0
180,68.4,0
156.7,47.7,0
144.4,43.4,0
163.6,76.1,0
173.1,86.2,0
161.3,61,0
159.7,60.7,0
166.9,70.3,0
159.7,52,0
156.4,49.1,0
162.1,75.5,0
173.2,63.5,0
164.5,66.6,0
163.8,70.9,0
174.1,78.9,0
158,74.5,0
161.2,77.2,0
170.4,69.6,0
152.8,49.7,0
164.2,48.9,0
157.5,64.9,0
175.6,73.8,0
166.9,75.9,0
168.4,66.3,0
160.4,62.1,0
162.8,59.8,0
155.6,74,0
158.6,62.3,0
170.6,50.7,0
172,77.4,0
165.9,77.8,0
180.5,97.8,0
156.7,46.9,0
161.2,63.7,0
172.7,75.4,0
160.9,60.2,0
167.4,52.7,0
159.8,61.6,0
161.8,45.6,0
154.1,70.6,0
157.1,60.2,0
165.9,72.1,0
162.2,61.3,0
165.5,60.3,0
172.5,63.2,0
154.8,63.3,0
161,70.6,0
172,51.8,0
153.9,43.8,0
156.7,58.4,0
163.3,58.6,0
163.3,59.1,0
173,66.7,0
165.4,75.3,0
171.4,48.8,0
158.2,56.8,0
153.7,69.6,0
172.8,65,0
159.6,76.6,0
160.3,69.3,0
161.5,63.5,0
162.1,54.4,0
178.9,73.2,0
162.3,52.2,0
162.7,61.6,0
162.9,89.1,0
159.9,49.2,0
169.1,77.7,0
155.7,59.4,0
157.8,59.9,0
157,63.4,0
161.3,64.4,0
172,81.2,0
168.2,74.8,0
154.2,81.6,0
156.2,60.4,0
157.1,52.7,0
159.5,67.2,0
149.3,48.2,0
165.6,52.2,0
160.7,60.3,0
156.4,46.1,0
168.7,70.1,0
160.8,54.6,0
173.6,61.7,0
163.3,71.2,0
161.4,43.1,0
177.7,51.7,0
163.1,65.2,0
172.6,86.7,0
162.2,77.8,0
158.6,63.6,0
157.4,57.1,0
167.8,33.8,0
158,41.5,0
167.6,109.3,0
161.8,64.7,0
166.9,67.4,0
159.6,53.2,0
166.6,77.4,0
168.1,62.9,0
167,79.6,0
156.5,69.9,0
162.4,66.1,0
175,82.2,0
163.5,82.9,0
171.4,69.9,0
157.3,60.6,0
156.2,70.4,0
170.1,66.8,0
159,66.3,0
169.1,93.4,0
165.4,68.9,0
171.3,63.8,0
162.1,66,0
166.5,66.3,0
168.3,64.9,0
163.8,61.3,0
156.4,42.2,0
172,67.7,0
159.6,65.7,0
157.2,62.1,0
155.4,52.4,0
166.9,69.3,0
175.4,79,0
166.7,59.6,0
182.4,101.2,0
160.8,93.4,0
166.9,75.8,0
158.7,48.5,0
167.9,71.8,0
167.7,60.2,0
173.5,75.9,0
167.1,54.1,0
167.3,77.3,0
154.4,61.9,0
158.2,52.9,0
172.6,85.4,0
159.1,82.5,0
160.1,69.4,0
161.1,67.1,0
169.6,55.5,0
163.4,60.9,0
172.4,74.4,0
166.4,70.1,0
157.8,82.3,0
164.6,79.5,0
165.1,64.8,0
167.8,57.2,0
153.2,65.6,0
156.4,68.9,0
156.9,59.8,0
164.8,81.6,0
158.9,58.3,0
171.2,96.6,0
168.8,76.1,0
171.1,71.3,0
156.7,54,0
161.8,52.6,0
172.4,76.9,0
169.7,69.9,0
163,62.5,0
173.9,75.7,0
177.9,81.7,0
159,59.6,0
169.5,76.5,0
161.4,71.2,0
162.7,64.4,0
168.8,61.7,0
165.2,43.7,0
159.7,55.3,0
162.2,75.4,0
155.1,53.3,0
176.8,83.2,0
166.9,57.8,0
163.5,57.4,0
181.3,81,0
167,74.5,0
164.3,45.3,0
161.8,73.5,0
155,54.4,0
163.6,73.3,0
169.6,54.5,0
176.2,75.2,0
170.5,80.4,0
154.2,74.5,0
165.9,67.9,0
169.5,62.3,0
168.2,68.6,0
174.5,62,0
164.5,54.4,0
170.3,76.2,0
164.5,54.3,0
164.1,80.4,0
167,55.5,0
161.3,32.6,0
171.7,64.8,0
166.8,54.6,0
169.1,87.7,0
163.7,61.1,0
167.4,70.7,0
163.2,51.5,0
176.6,106.9,0
163.4,66.9,0
163,71.1,0
170.8,73,0
170.6,70.4,0
153.1,57.8,0
168.8,48.3,0
168.9,78.3,0
181.3,76.7,0
167.2,70.5,0
174.9,61.5,0
168.8,29.6,0
164.3,73.7,0
162.9,69.9,0
170,69.9,0
168,73.5,0
161,81,0
160.2,61.4,0
168.4,91.2,0
161.3,66.6,0
160.1,52.9,0
162,67.3,0
166.9,95.4,0
169,79.4,0
159.6,61.1,0
167.4,59.1,0
162.1,43.5,0
164.3,45.8,0
162.5,65.5,0
